Question,Answer,Category
What utilities are usually included in the rent?,"The monthly rent typically covers your beautiful living space. Utilities like electricity, water, and internet are usually separate, which allows you to manage them according to your lifestyle. May I help you estimate the monthly costs so you can plan your budget? ",Basic Rental Questions
How much is a typical monthly rent for a one-bedroom condo?,"For a comfortable one-bedroom condominium, you can expect a range between 10,000 to 15,000 baht per month in a nice location. It really depends on the lifestyle you envision. What would be your next step in exploring some options that feel right for you? ",Basic Rental Questions
What documents do I need to rent a property?,"The process is quite simple, so please do not worry. Generally, you will only need a copy of your passport and your visa details. Occasionally, an owner might ask for a local contact, but this is not very common. How can I assist you in preparing these? ",Basic Rental Questions
Are furnished rentals common in Pattaya?,"Oh yes, it is very convenient. Most condominiums and homes popular with foreigners come fully furnished, so you can settle in and feel at home right away. It makes the transition so much smoother.",Basic Rental Questions
How much is the security deposit?,"It is standard to provide a security deposit, which is usually one or two months' rent. This is, of course, safely returned to you after the lease ends, provided the home is in good condition. It is a simple step to secure your new home.",Basic Rental Questions
How long are the typical rental contracts?,"Most lease agreements are for 6 or 12 months. However, some owners are flexible, so if you have a different timeframe in mind, please let me know. We can always ask. What length of stay are you considering for your next step? ",Contract and Legal Aspects
Can a foreigner rent without a Thai bank account?,"Yes, that is certainly possible. While having a local account can make monthly payments smoother, you can also arrange payments through international transfer or even cash. We can find a solution that is comfortable for you.",Contract and Legal Aspects
What happens if I need to break my lease agreement early?,I understand that sometimes plans can change unexpectedly. Most contracts include a condition where leaving early might mean forfeiting your security deposit. It is always best to have a gentle conversation with the landlord as soon as you know; sometimes a kind solution can be found together.,Contract and Legal Aspects
Are there any restrictions on guest stays?,"Most rental agreements are quite reasonable about guests. Short visits are typically fine, but longer stays may require informing the landlord. Each building may have its own gentle guidelines about visitor hours and overnight guests. Shall I help you understand the specific rules for properties you're considering? ",Contract and Legal Aspects
Can I register my address for visa purposes with a rental?,"Absolutely, and this is very important for your legal stay. Your landlord will help you complete the TM30 form, which registers your address with immigration. This is a standard, simple process that we ensure is handled properly for your peace of mind.",Contract and Legal Aspects
Are utilities like electricity and water expensive?,"Water is very affordable here. Electricity costs will depend on how much you enjoy the air conditioning, especially in the warmer months, but it is generally quite reasonable. We can look at some average bills to help you budget.",Costs and Utilities
What are typical monthly utility costs for a one-bedroom condo?,"For a comfortable one-bedroom, you might expect around 1,500 to 3,000 baht monthly for electricity during hot months, about 150-300 baht for water, and 500-800 baht for good internet. These amounts can vary with your personal comfort preferences. How can I help you plan for these expenses? ",Costs and Utilities
Who pays for the common area maintenance fees when renting?,"This is a very good question for clarity. When you are renting, the owner of the property is the one who takes care of the monthly common area fees. This covers lovely things like the swimming pool, gym, and security for you to enjoy.",Costs and Utilities
Is the internet service reliable for working remotely?,"Yes, the internet here is quite stable and reliable, which is wonderful for those who work from home. A good high-speed package usually costs between 500 to 800 baht per month. How may I assist you in finding a home with a great connection? ",Costs and Utilities
What about cable TV and streaming services?,"Many rental properties include basic cable, but for international channels or streaming services, you might need your own subscriptions. Netflix, Amazon Prime, and other services work wonderfully here. Would you like me to suggest properties with comprehensive entertainment systems already installed? ",Costs and Utilities
Who is responsible for maintenance and repairs?,"For major repairs, the landlord is typically responsible. Tenants are often asked to handle small, minor things. It is always best to clarify this together and have it written in the lease for peace of mind. What is your next step, may I ask? ",Property Management and Maintenance
How quickly are maintenance issues typically resolved?,"Most responsible landlords address urgent issues like plumbing or air conditioning within 24-48 hours. For non-urgent matters, it might take a few days. At Ires Thailand, we help facilitate communication between tenants and landlords to ensure swift, satisfactory resolutions.",Property Management and Maintenance
What should I do if there's a problem with my rental property?,"Please contact your landlord first, and if needed, reach out to us at Ires Thailand. We are here to help mediate and ensure your living experience remains comfortable. Documentation with photos is always helpful for quicker solutions.",Property Management and Maintenance
Am I allowed to sublet my rental property?,"Usually, the rental agreement does not permit subletting without the owner's permission. It is always best to check the contract carefully to be sure. Honesty and clarity are very important for a good relationship with the landlord.",Flexibility and Special Situations
Is it possible to find short-term rentals?,"Yes, some owners do offer shorter leases, perhaps for one to three months. The monthly rate may be a little higher than a long-term contract, but the flexibility can be very helpful. What duration are you thinking of? ",Flexibility and Special Situations
Are pets generally allowed in rental condos?,"Many people love their animal companions! It truly depends on the rules of the specific condominium building. Some are very pet-friendly, while others are not. If you have a furry friend you wish to bring, please let me know, and I will make it a priority to find a loving home for both of you.",Flexibility and Special Situations
Is it acceptable to negotiate the rental price?,"Yes, it is often possible to negotiate, especially if you are considering a longer lease. A polite conversation can sometimes lead to a price that works well for both you and the landlord. It never hurts to ask gently.",Flexibility and Special Situations
How is the local transportation near most rental areas?,"It is very convenient! Many areas are well-served by songthaews, which are shared taxis, as well as motorbike taxis and Grab. Getting around is usually quite easy and affordable. This is an important part of choosing your lifestyle here.",Location and Transportation
Which areas of Pattaya are best for rentals?,"Each area has its own charm! Central Pattaya offers vibrant nightlife and shopping, Jomtien provides a quieter beachside atmosphere, and Naklua has a more local, authentic feel. What kind of daily lifestyle would make you happiest? That will guide us to the perfect neighborhood.",Location and Transportation
How can I avoid rental scams?,"This is a very important question. To be safe, I always recommend you visit the property in person, ask for proof of ownership, and sign a clear, formal contract. Using a trusted agent helps protect you. Your peace of mind is the priority.",Safety and Practical Concerns
What should I look for during a property viewing?,"Check that all appliances work properly, examine water pressure, test the air conditioning, and ensure windows and doors lock securely. Look at the building's common areas and security features. I am always happy to accompany you to viewings to ensure nothing important is overlooked.",Safety and Practical Concerns
Can foreigners legally buy property in Pattaya?,"Yes, you can. Foreigners are welcome to own a condominium unit in their own name. For a house with land, the ownership structure is different, often using a long-term lease. It is a puzzle we can solve together, step-by-step.",Ownership and Legal Framework
What is the foreign ownership quota for condominiums?,"The law is quite clear, which is helpful. Up to 49% of the total area of a condominium project can be owned directly by foreigners. We always verify this quota to ensure your purchase is secure.",Ownership and Legal Framework
What is the difference between a leasehold and freehold purchase?,"This is an important distinction, and I am happy to clarify. Freehold is like owning the property completely, in your own name, which is possible for 49% of the units in a condominium. Leasehold is a very long-term rental, usually for 30 years, which gives you all the rights of an owner during that time. We can explore which path feels best for your goals.",Ownership and Legal Framework
Can I use a foreign company to buy property?,"While it is legally possible to set up a Thai company to purchase a house and land, the rules are quite strict and require careful legal guidance. For most people, buying a condominium in their own name is the simplest and most secure way to own property. Your peace of mind is what is most important.",Ownership and Legal Framework
What is a Chanote title deed?,"The Chanote is the strongest and most secure type of title deed in Thailand. It gives you full, registered ownership rights. For any purchase, we always ensure the property has a proper Chanote.",Ownership and Legal Framework
Do I really need to hire a lawyer?,"For your security and peace of mind, I highly recommend it. A good lawyer will perform due diligence and check the contract carefully, ensuring every detail is correct. This is a very important step to protect your investment.",Purchase Process and Documentation
What documents do I need to buy property?,"Essential documents include your passport, proof of overseas funds transfer via Foreign Exchange Transaction Form, the sales and purchase agreement, and the land title deed for legal ownership verification. How can I assist you in organizing these important papers? ",Purchase Process and Documentation
How long does the buying process typically take?,"It starts with property selection, due diligence on ownership, signing a reservation and later the sales and purchase agreement, paying deposits and balance, then transferring ownership at the Land Office. Typically this takes a few weeks depending on when documents and funds are ready for transfer and registration.",Purchase Process and Documentation
What is the role of the Land Office in property purchase?,"The Land Office is where ownership is officially changed on the title deed, applicable taxes and fees are paid, and you receive your official ownership document. Think of it as the final, most important step where your investment becomes legally yours.",Purchase Process and Documentation
What happens during the due diligence process?,"Our lawyer will verify the seller's ownership, check for any outstanding debts or liens on the property, confirm building permits and approvals, and ensure the property has proper road access. This careful process protects your investment completely.",Purchase Process and Documentation
What taxes and fees are involved in a property purchase?,"There are a few government fees to expect, such as a transfer fee of 2% of appraisal value, stamp duty, and sometimes withholding tax of 1% for companies or up to 3% for individuals. A lawyer can provide a clear breakdown for you, so there are no surprises. How can I help you with this step? ",Financial Aspects and Taxes
Can I get a mortgage or financing from a Thai bank?,"It can be challenging for foreigners to get a mortgage from a local bank, but some do offer it under specific conditions. Most foreign buyers find it simpler to pay with cash transferred from overseas.",Financial Aspects and Taxes
"What is a ""sinking fund"" and do I have to pay it?","A sinking fund is like a savings account for the whole building. It's a one-time payment when you first purchase, and it is set aside for any large, future repairs, like painting the building or replacing the elevators. It helps to keep your new home beautiful and well-maintained for many years to come.",Financial Aspects and Taxes
How much should I budget for the total purchase cost?,"Beyond the property price, budget approximately 6-8% additional for transfer fees, taxes, legal fees, and sinking fund. For a 5 million baht condo, expect around 300,000-400,000 baht in additional costs. Shall I prepare a detailed cost breakdown for your specific situation? ",Financial Aspects and Taxes
What are the ongoing costs of property ownership?,"You'll have monthly common area fees typically ranging from 30-80 baht per square meter, property tax (quite minimal for residential), and utilities if you're living in the property. These costs are very reasonable compared to many other countries.",Financial Aspects and Taxes
"After I buy a property, can I rent it out?","Absolutely. Many owners choose to rent out their property for investment income. There are local rules to follow, but it is a very common practice. We can help you understand the responsibilities of being a landlord here.",Investment and Rental Considerations
What are the tax implications of rental income?,"Withholding tax of 5% applies when tenants are corporate entities, and landlords can deduct 30% of rental income for maintenance expenses. If your tenant pays rent to you overseas, they are legally required to withhold 15% and remit it to the Thai Revenue Department. We can connect you with tax professionals to manage this properly.",Investment and Rental Considerations
What rental yields can I expect?,"In Pattaya, well-located condos typically yield 6-8% annually, though this varies by location, property type, and management quality. The key is choosing the right property in the right location with proper management. Would you like me to show you some examples with proven rental histories? ",Investment and Rental Considerations
How do I find reliable tenants for my property?,"At Ires Thailand, we provide comprehensive tenant screening including income verification, references, and background checks. We handle everything from marketing your property to collecting rent and managing maintenance. Your investment should work effortlessly for you.",Investment and Rental Considerations
How can I be sure a developer is reliable and trustworthy?,"That is a very wise question. We can research the developer's history, look at their completed projects, and have a lawyer verify all of their licenses and legal documents. Your confidence in the purchase is most important.",Developer and Project Selection
What should I look for in a new development project?,"Look for developers with proven track records, proper EIA approvals, confirmed infrastructure access, and realistic completion timelines. The location should have good road access and utility connections. I always accompany clients to assess these crucial factors together.",Developer and Project Selection
What are the risks of buying off-plan properties?,"Off-plan purchases can offer better prices but carry construction and completion risks. We carefully vet developers, review completion guarantees, and ensure staged payment schedules tied to construction milestones. Your protection is our priority.",Developer and Project Selection
How do I verify a building's foreign ownership quota?,We obtain official documentation from the juristic person showing the current foreign ownership percentage. This must be below 49% for you to purchase. We never assume - we always verify these crucial legal requirements.,Developer and Project Selection
What are the most popular areas for foreigners to buy property?,"Areas like Central Pattaya, Jomtien, and Naklua are very popular. They offer a wonderful mix of amenities, security, and community that appeal to many foreign residents. What kind of lifestyle are you looking for in your next step? ",Location and Area Selection
Which areas have the best resale potential?,"Properties near the beach, close to shopping centers, with good transportation access, and in buildings with excellent facilities tend to hold their value best. Jomtien beachfront, Central Pattaya with city conveniences, and upcoming areas like Bang Saray show strong potential.",Location and Area Selection
How important is proximity to healthcare facilities?,"Very important, especially for our 40-70 age demographic. Properties within 10-15 minutes of international hospitals like Bangkok Hospital Pattaya or Pattaya Memorial Hospital are highly sought after and maintain stronger values.",Location and Area Selection
Are there any visa benefits if I buy property in Thailand?,"That is a very thoughtful question. While simply owning property does not automatically grant a long-term visa, there are special Investment Visas available if your investment is substantial, typically over 10 million Baht. We can certainly look into the requirements if this is a path you are interested in exploring.",Visa and Residency Benefits
What is the Thailand Golden Visa program?,"The Golden Visa program offers several categories, including property investment of at least USD 500,000, or for wealthy pensioners over 50 with specific income requirements and investments. This can provide a pathway to long-term residency. Shall I help you explore if you qualify? ",Visa and Residency Benefits
Can my family members also benefit from property-related visas?,"Yes, an investor's family members are also eligible for long-term stay in Thailand, as long as they can provide evidence supporting their relationships. This makes property investment an excellent way to secure your family's future in Thailand.",Visa and Residency Benefits
Can I negotiate the property price?,"Yes, negotiation is common especially for resale properties or off-plan purchases. Market conditions, length of time on market, and property condition all influence negotiation possibilities. I'll help you understand the fair market value and develop an appropriate negotiation strategy.",Practical Ownership Considerations
What insurance should I consider for my property?,"Property insurance covering fire, flood, and structural damage is wise, typically costing 0.1-0.2% of property value annually. Some buildings require basic insurance as part of ownership. I can connect you with reputable insurance providers who understand foreign ownership needs.",Practical Ownership Considerations
How do I manage my property if I live overseas?,"You do not need to worry about this at all. Many owners use a professional property management company. They can take care of everything for you, from finding good tenants and collecting rent to handling any maintenance. It allows you to have a secure investment and complete peace of mind, no matter where you are.",Practical Ownership Considerations
What is the general cost of living in Pattaya per month?,"It truly depends on your lifestyle choices. A comfortable, modest lifestyle could be enjoyed for around 30,000 to 50,000 baht per month. Pattaya can be very affordable while offering a very high quality of life.",Cost of Living and Budgeting
How much should I budget for dining out regularly?,"Local Thai cuisine is wonderfully affordable perhaps 60-150 baht per meal at local restaurants. International dining ranges from 200-800 baht per person. With the diversity here, you can eat deliciously within any budget. What type of cuisine do you enjoy most? ",Cost of Living and Budgeting
What are typical grocery costs for a single person?,"A monthly grocery budget of 4,000-8,000 baht is quite comfortable for one person, depending on your preferences for imported versus local products. The local markets offer fresh, high-quality ingredients at very reasonable prices.",Cost of Living and Budgeting
How expensive is transportation in daily life?,"Very affordable! Songthaew rides are typically 10-20 baht, motorbike taxi rides 20-60 baht depending on distance, and Grab rides usually 50-150 baht for most trips within the city. Many residents also enjoy the freedom of renting or owning a motorbike.",Cost of Living and Budgeting
What about entertainment and leisure activity costs?,"Entertainment options suit every budget beautifully. Beach activities are free, local bars start from 100 baht for drinks, golf can range from 1,000-3,000 baht per round, and spa treatments from 500-2,000 baht. There's something wonderful for every preference and budget.",Cost of Living and Budgeting
What is the quality of healthcare in Pattaya?,The healthcare here is excellent. We have several international-standard hospitals and many private clinics with English-speaking staff. You can feel very confident about the medical care available.,Healthcare and Wellness
Which hospitals do you recommend for foreigners?,"Bangkok Hospital Pattaya and Pattaya Memorial Hospital are both excellent, with international standards and English-speaking staff. They offer comprehensive services from routine checkups to complex procedures. Both accept international insurance and provide high-quality care.",Healthcare and Wellness
How much should I budget for health insurance?,"International health insurance for our demographic typically ranges from 40,000-150,000 baht annually, depending on coverage level and age. Local Thai insurance options are also available and more affordable. Shall I help you explore the best options for your needs? ",Healthcare and Wellness
Are there good wellness and fitness facilities?,"Absolutely! Pattaya has numerous modern gyms, yoga studios, spas, and wellness centers. Many condo buildings also have excellent fitness facilities. The focus on health and wellness here supports a very active, enjoyable lifestyle.",Healthcare and Wellness
Is Pattaya a safe city for foreign residents?,"Yes, it is generally a safe place to live. Like any city, it is wise to be aware of your surroundings, especially at night, but there is a large and friendly foreign community here that feels very secure.",Safety and Security
What safety precautions should I take?,"Basic precautions are sufficient: avoid carrying large amounts of cash, be cautious with personal belongings in crowded areas, and choose reputable establishments for nightlife. The tourist police are very helpful and speak English well.",Safety and Security
How reliable are the emergency services?,"Emergency services are quite good, with ambulances, police, and fire services responding promptly. Tourist police are especially helpful for foreigners. Most hospitals have 24-hour emergency departments with English-speaking staff.",Safety and Security
Are there active expat communities here?,"Oh, yes. The expat community is very large, active, and welcoming. There are many clubs, social groups, and events where you can meet new friends and find support. You will not feel alone here.",Community and Social Life
What social activities are available for people in their 40s-70s?,"There are golf clubs, book clubs, charity organizations, fitness groups, dining clubs, and cultural societies. Many organize regular events, volunteer opportunities, and social gatherings. The community is very inclusive and supportive.",Community and Social Life
How easy is it to make friends in Pattaya?,"Very easy! The foreign community is quite welcoming, and there are many natural opportunities to meet people with similar interests. Joining clubs or attending community events is a wonderful way to build friendships quickly.",Community and Social Life
Is it easy to open a bank account as a foreigner?,"Yes, it is quite straightforward. To open a savings account, you will usually need your passport, proof of your address in Thailand like a rental agreement, and sometimes a letter of reference. Having a local account makes managing your day-to-day life here very convenient.",Practical Daily Life
Can I get by with only speaking English in Pattaya?,"You will find that you can live a very full and happy life here speaking English. In the main areas, most signs are in English, and many Thai people, especially in business and service, speak it very well. Of course, learning a few gentle Thai phrases will always be met with a warm smile! ",Practical Daily Life
What about internet and communication services?,"Internet service is excellent throughout Pattaya, with fiber optic connections widely available. International calling is easy and affordable through various services. You'll stay well-connected with family and friends back home.",Practical Daily Life
How is the electrical system and power reliability?,"The electrical system uses 220V with standard outlets. Power is generally quite reliable, though occasional brief outages can occur during storms. Most buildings have backup generators for common areas and elevators.",Practical Daily Life
What about waste management and recycling?,"Waste collection is regular and efficient. Many buildings have organized waste management systems. Recycling is becoming more common, and there are several collection points throughout the city for various materials.",Practical Daily Life
What are some popular activities for residents?,"There is so much to do! Many people enjoy the beautiful beaches, golfing, visiting nearby islands, or exploring the local culture. There are also wonderful restaurants and wellness centers. What hobbies would you like to pursue here? ",Activities and Lifestyle
How accessible are cultural and educational opportunities?,"Pattaya offers cultural shows, temple visits, cooking classes, Thai language lessons, and art galleries. Bangkok is only 90 minutes away for world-class museums and cultural events. Learning opportunities abound for curious minds.",Activities and Lifestyle
What water activities are available?,"The coastal location provides endless water activities: swimming, snorkeling, diving, fishing, sailing, jet skiing, and island hopping. The nearby islands of Koh Larn and Koh Samet offer pristine beaches and clear waters perfect for day trips.",Activities and Lifestyle
Are there good shopping options?,"Yes, from local markets with fresh produce and authentic goods to modern shopping malls with international brands. Central Festival Pattaya Beach, Terminal 21, and the floating markets offer diverse shopping experiences for every taste and budget.",Activities and Lifestyle
How is the weather throughout the year?,Tropical with hot and humid summers and a rainy season usually from May to October. The cool season from November to February is particularly pleasant. Air conditioning makes indoor living comfortable year-round.,Climate and Environment
How do you manage during the rainy season?,"The rainy season typically brings afternoon showers rather than all-day rain. Most residents appreciate the cooler temperatures and lush, green landscape. Indoor activities, covered markets, and shopping malls provide plenty of options during heavier rain periods.",Climate and Environment
What about air quality in Pattaya?,"Being coastal, Pattaya generally enjoys good air quality with sea breezes helping to keep the air fresh. Occasional periods of pollution from Bangkok or regional burning can occur, but overall the air quality is much better than in larger cities.",Climate and Environment
What is the minimum investment for a Thailand Investment Visa?,"The Investment Visa requires at least 10 million baht worth of real estate, deposits, or bonds in Thailand, which provides investors the right of long-term stay. This can include purchasing multiple properties or combining property with other qualifying investments.",Investment Visas and Golden Visa Programs
Can I combine different types of investments to meet the visa requirements?,"Yes, you can purchase a 5 million baht condo and put another 5 million in a term deposit, or buy multiple properties - just as long as you meet the 10 million baht minimum. This flexibility allows you to diversify your investment while qualifying for residency.",Investment Visas and Golden Visa Programs
What are the benefits of the LTR (Long-Term Resident) visa?,"The LTR visa offers multiple pathways including for wealthy pensioners (50+) with minimum personal income of $40,000 per year plus $250,000 investment in Thai property, bonds, or foreign direct investment. This provides a 10-year renewable visa with work permit eligibility.",Investment Visas and Golden Visa Programs
Do investment visas allow my family to live in Thailand too?,"Yes, an investor's family members are also eligible for long-term stay in Thailand, as long as they can provide evidence supporting their relationships. This makes investment visas an excellent way to secure your entire family's future in Thailand.",Investment Visas and Golden Visa Programs
What ongoing obligations do investment visa holders have?,Investment Visa holders are required to report their addresses every 90 days and may only work in Thailand with a work permit. These are standard requirements that we can help you manage easily.,Investment Visas and Golden Visa Programs
How do new Thai tax laws affect foreign property investors in 2025?,"The Revenue Department has proposed that foreign-sourced income earned from 2024 onward will be exempt from tax if remitted to Thailand within certain timeframes. However, tax laws are complex, and I strongly recommend consulting with a qualified tax advisor for your specific situation.",Tax Implications for Foreign Investors
What are the property tax obligations for foreign owners?,"Property tax assessments are sent in February with payment typically due by April 30th, though for 2025 the government granted a two-month grace period with payments due in June. The rates are quite reasonable for residential properties.",Tax Implications for Foreign Investors
How does rental income taxation work for foreign property owners?,"Landlords can deduct 30% of rental income for maintenance expenses, with withholding tax of 5% applicable when tenants are corporate entities. If tenants pay rent to overseas accounts, they must withhold 15% and remit it to Thai Revenue Department.",Tax Implications for Foreign Investors
What are the capital gains tax implications when selling property?,"Withholding tax varies from 1% to 3% for individuals depending on ownership duration, with Special Business Tax of 3.3% applying if property is sold within 5 years. Longer ownership periods generally result in more favorable tax treatment.",Tax Implications for Foreign Investors
Should I structure my property investment through a Thai company?,"While legally possible, company ownership requires strict compliance with Thai laws and ongoing maintenance obligations. For most individual investors, direct condominium ownership in their own name provides the simplest, most secure structure. Let's discuss what approach best suits your specific goals and circumstances.",Tax Implications for Foreign Investors
What property management services does Ires Thailand offer?,"At Ires Thailand, we provide comprehensive property management including tenant screening, rent collection, maintenance coordination, financial reporting, and emergency response. We handle everything so you can enjoy your investment with complete peace of mind, whether you're in Thailand or abroad.",Professional Management Solutions
How do you screen potential tenants?,"Our thorough screening includes income verification, employment confirmation, previous landlord references, background checks where possible, and personal interviews. We also verify identity documents and ensure tenants understand lease obligations. Quality tenants protect your investment and ensure steady rental income.",Professional Management Solutions
What are typical property management fees?,"Management fees typically range from 8-12% of monthly rental income, depending on services required. This covers tenant management, rent collection, basic maintenance coordination, and regular property inspections. Additional services like major repairs or renovations are quoted separately with your approval.",Professional Management Solutions
How do you handle maintenance and repairs?,"We have a network of trusted, reliable contractors for all types of maintenance. Emergency repairs are handled immediately, while routine maintenance is scheduled efficiently. We provide photo documentation and cost estimates for your approval on larger expenses, ensuring transparency in all property care.",Professional Management Solutions
How often will I receive reports on my property?,"Monthly reports include rental income, expenses, property condition updates, and any issues addressed. Annual reports provide comprehensive financial summaries for tax purposes. We also provide immediate communication for any urgent matters requiring your attention.",Professional Management Solutions
What utilities are usually included in the rent?," The monthly rent typically covers your beautiful living space. Utilities like electricity, water, and internet are usually separate, which allows you to manage them according to your lifestyle. May I help you estimate the monthly costs so you can plan your budget? ",Renting in Pattaya
How much is a typical monthly rent for a one-bedroom condo?,"For a comfortable one-bedroom condominium, you can expect a range between 10,000 to 15,000 baht per month in a nice location. It really depends on the lifestyle you envision. What would be your next step in exploring some options that feel right for you? ",Renting in Pattaya
What documents do I need to rent a property?,"The process is quite simple, so please do not worry. Generally, you will only need a copy of your passport and your visa details. Occasionally, an owner might ask for a local contact, but this is not very common. How can I assist you in preparing these? ",Renting in Pattaya
Are furnished rentals common in Pattaya?,"Oh yes, it is very convenient. Most condominiums and homes popular with foreigners come fully furnished, so you can settle in and feel at home right away. It makes the transition so much smoother. ",Renting in Pattaya
How much is the security deposit?,"It is standard to provide a security deposit, which is usually one or two months' rent. This is, of course, safely returned to you after the lease ends, provided the home is in good condition. It is a simple step to secure your new home. ",Renting in Pattaya
How long are the typical rental contracts?,"Most lease agreements are for 6 or 12 months. However, some owners are flexible, so if you have a different timeframe in mind, please let me know. We can always ask. What length of stay are you considering for your next step? ",Renting in Pattaya
Can a foreigner rent without a Thai bank account?,"Yes, that is certainly possible. While having a local account can make monthly payments smoother, you can also arrange payments through international transfer or even cash. We can find a solution that is comfortable for you. ",Renting in Pattaya
How can I avoid rental scams?,"This is a very important question. To be safe, I always recommend you visit the property in person, ask for proof of ownership, and sign a clear, formal contract. Using a trusted agent helps protect you. Your peace of mind is the priority. ",Renting in Pattaya
Are utilities like electricity and water expensive?,"Water is very affordable here. Electricity costs will depend on how much you enjoy the air conditioning, especially in the warmer months, but it is generally quite reasonable. We can look at some average bills to help you budget. ",Renting in Pattaya
Is the internet service reliable for working remotely?,"Yes, the internet here is quite stable and reliable, which is wonderful for those who work from home. A good high-speed package usually costs between 500 to 800 baht per month. How may I assist you in finding a home with a great connection? ",Renting in Pattaya
Am I allowed to sublet my rental property?,"Usually, the rental agreement does not permit subletting without the owner's permission. It is always best to check the contract carefully to be sure. Honesty and clarity are very important for a good relationship with the landlord. ",Renting in Pattaya
Is it possible to find short-term rentals?,"Yes, some owners do offer shorter leases, perhaps for one to three months. The monthly rate may be a little higher than a long-term contract, but the flexibility can be very helpful. What duration are you thinking of? ",Renting in Pattaya
How is the local transportation near most rental areas?,"It is very convenient! Many areas are well-served by songthaews, which are shared taxis, as well as motorbike taxis and Grab. Getting around is usually quite easy and affordable. This is an important part of choosing your lifestyle here. ",Renting in Pattaya
Who is responsible for maintenance and repairs?,"For major repairs, the landlord is typically responsible. Tenants are often asked to handle small, minor things. It is always best to clarify this together and have it written in the lease for peace of mind. What is your next step, may I ask? ",Renting in Pattaya
Is it acceptable to negotiate the rental price?,"Yes, it is often possible to negotiate, especially if you are considering a longer lease. A polite conversation can sometimes lead to a price that works well for both you and the landlord. It never hurts to ask gently. ",Renting in Pattaya
Can foreigners legally buy property in Pattaya?,"Yes, you can. Foreigners are welcome to own a condominium unit in their own name. For a house with land, the ownership structure is different, often using a long-term lease. It is a puzzle we can solve together, step-by-step. ",Buying in Pattaya
What is the foreign ownership quota for condominiums?,"The law is quite clear, which is helpful. Up to 49% of the total area of a condominium project can be owned directly by foreigners. We always verify this quota to ensure your purchase is secure. ",Buying in Pattaya
Do I really need to hire a lawyer?,"For your security and peace of mind, I highly recommend it. A good lawyer will perform due diligence and check the contract carefully, ensuring every detail is correct. This is a very important step to protect your investment. ",Buying in Pattaya
What taxes and fees are involved in a property purchase?,"There are a few government fees to expect, such as a transfer fee, stamp duty, and sometimes a specific business tax. A lawyer can provide a clear breakdown for you, so there are no surprises. How can I help you with this step? ",Buying in Pattaya
Can I get a mortgage or financing from a Thai bank?,"It can be challenging for foreigners to get a mortgage from a local bank, but some do offer it under specific conditions. Most foreign buyers find it simpler to pay with cash transferred from overseas. ",Buying in Pattaya
How can I be sure a developer is reliable and trustworthy?,"That is a very wise question. We can research the developer's history, look at their completed projects, and have a lawyer verify all of their licenses and legal documents. Your confidence in the purchase is most important. ",Buying in Pattaya
What is a Chanote title deed?,"The Chanote is the strongest and most secure type of title deed in Thailand. It gives you full, registered ownership rights. For any purchase, we always ensure the property has a proper Chanote. ",Buying in Pattaya
"After I buy a property, can I rent it out?","Absolutely. Many owners choose to rent out their property for investment income. There are local rules to follow, but it is a very common practice. We can help you understand the responsibilities of being a landlord here. ",Buying in Pattaya
What are the most popular areas for foreigners to buy property?,"Areas like Central Pattaya, Jomtien, and Naklua are very popular. They offer a wonderful mix of amenities, security, and community that appeal to many foreign residents. What kind of lifestyle are you looking for in your next step? ",Buying in Pattaya
What is the general cost of living in Pattaya per month?,"It truly depends on your lifestyle choices. A comfortable, modest lifestyle could be enjoyed for around 30,000 to 50,000 baht per month. Pattaya can be very affordable while offering a very high quality of life. ",Living in Pattaya
Is Pattaya a safe city for foreign residents?,"Yes, it is generally a safe place to live. Like any city, it is wise to be aware of your surroundings, especially at night, but there is a large and friendly foreign community here that feels very secure. ",Living in Pattaya
What is the quality of healthcare in Pattaya?,The healthcare here is excellent. We have several international-standard hospitals and many private clinics with English-speaking staff. You can feel very confident about the medical care available.,Living in Pattaya
Are there active expat communities here?,"Oh, yes. The expat community is very large, active, and welcoming. There are many clubs, social groups, and events where you can meet new friends and find support. You will not feel alone here. ",Living in Pattaya
What are some popular activities for residents?,"There is so much to do! Many people enjoy the beautiful beaches, golfing, visiting nearby islands, or exploring the local culture. There are also wonderful restaurants and wellness centers. What hobbies would you like to pursue here? ",Living in Pattaya
What happens if I need to break my lease agreement early?,I understand that sometimes plans can change unexpectedly. Most contracts include a condition where leaving early might mean forfeiting your security deposit. It is always best to have a gentle conversation with the landlord as soon as you know; sometimes a kind solution can be found together.,Renting in Pattaya
Are pets generally allowed in rental condos?,"Many people love their animal companions! It truly depends on the rules of the specific condominium building. Some are very pet-friendly, while others are not. If you have a furry friend you wish to bring, please let me know, and I will make it a priority to find a loving home for both of you.",Renting in Pattaya
Who pays for the common area maintenance fees when renting?,"This is a very good question for clarity. When you are renting, the owner of the property is the one who takes care of the monthly common area fees. This covers lovely things like the swimming pool, gym, and security for you to enjoy.",Renting in Pattaya
What is the difference between a leasehold and freehold purchase?,"This is an important distinction, and I am happy to clarify. Freehold is like owning the property completely, in your own name, which is possible for 49% of the units in a condominium. Leasehold is a very long-term rental, usually for 30 years, which gives you all the rights of an owner during that time. We can explore which path feels best for your goals.",Buying in Pattaya
"What is a ""sinking fund"" and do I have to pay it?","A sinking fund is like a savings account for the whole building. It's a one-time payment when you first purchase, and it is set aside for any large, future repairs, like painting the building or replacing the elevators. It helps to keep your new home beautiful and well-maintained for many years to come.",Buying in Pattaya
Can I use a foreign company to buy property?,"While it is legally possible to set up a Thai company to purchase a house and land, the rules are quite strict and require careful legal guidance. For most people, buying a condominium in their own name is the simplest and most secure way to own property. Your peace of mind is what is most important.",Buying in Pattaya
Are there any visa benefits if I buy property in Thailand?,"That is a very thoughtful question. While simply owning property does not automatically grant a long-term visa, there are special Investment Visas available if your investment is substantial, typically over 10 million Baht. We can certainly look into the requirements if this is a path you are interested in exploring.",Buying in Pattaya
Is it easy to open a bank account as a foreigner?,"Yes, it is quite straightforward. To open a savings account, you will usually need your passport, proof of your address in Thailand (like a rental agreement), and sometimes a letter of reference. Having a local account makes managing your day-to-day life here very convenient.",Living in Pattaya
Can I get by with only speaking English in Pattaya?,"You will find that you can live a very full and happy life here speaking English. In the main areas, most signs are in English, and many Thai people, especially in business and service, speak it very well. Of course, learning a few gentle Thai phrases will always be met with a warm smile!",Living in Pattaya
What is the best way to manage my property if I am living overseas?,"You do not need to worry about this at all. Many owners use a professional property management company. They can take care of everything for you, from finding good tenants and collecting rent to handling any maintenance. It allows you to have a secure investment and complete peace of mind, no matter where you are.",Living in Pattaya
What is your company's name?,Ires Thailand,Company information
What does Ires stand for?,Ires is short for International Real Estate and Services,Company information
Where are you located in Pattaya?,We are conveniently located on Thappraya road in the area know as Pratumnak,Company information
Who is the boss of Ires?,"I am, I am Ming and I started this company",Company information
What year did you open?,We opened in 2024 ,Company information
What is your adress?,"391, 121 Thappraya Rd, Muang Pattaya, Bang Lamung District, Chon Buri 20150",Company information
When are you open?,From Monday to Friday 9 am to 5 pm.,Company information
What is the best next step,A brief meeting at our office often is the best way to move forward.,Move the conversation forward
What property management services does IRES Thailand offer?,"At IRES Thailand, we provide comprehensive property management including tenant screening, rent collection, maintenance coordination, bill payments, security inspections, and financial reporting. We handle everything so you can enjoy your investment with complete peace of mind, whether you're in Thailand or abroad. What would be your next step in exploring our services?",PROPERTY MANAGEMENT SERVICES
How do you handle tenant screening and rental management?,"Our thorough screening includes income verification, employment confirmation, previous landlord references, and personal interviews. We prepare all rental contracts, collect deposits and monthly rent, and maintain regular communication with tenants. Quality tenants protect your investment and ensure steady income.",PROPERTY MANAGEMENT SERVICES
What maintenance services do you provide?,"From small repairs to regular upkeep, we keep your property in beautiful condition. We have trusted contractors for plumbing, electrical work, air conditioning, and general maintenance. We provide photo documentation and your approval for larger expenses, ensuring complete transparency.",PROPERTY MANAGEMENT SERVICES
Do you handle utility bills and association fees?,"Yes, we take care of all bill payments including electricity, water, internet, building maintenance fees, and property taxes. You never need to worry about missing a payment or late fees. We handle these details so you can focus on enjoying the benefits of property ownership.",PROPERTY MANAGEMENT SERVICES
How often do you inspect properties?,"We conduct regular property inspections monthly for occupied units and weekly for vacant properties. These inspections check for maintenance needs, security concerns, and overall property condition. We provide detailed reports with photos for your records.",PROPERTY MANAGEMENT SERVICES
What are your property management fees?,"Management fees typically range from 8-12% of monthly rental income, depending on services required. This covers all basic management including tenant relations, rent collection, maintenance coordination, and regular reporting. Additional services are quoted separately with your approval first.",PROPERTY MANAGEMENT SERVICES
How do you handle emergency repairs?,"Emergency situations like plumbing leaks, electrical problems, or security issues are handled immediately, 24 hours a day. We have trusted contractors on call and will contact you promptly with details and costs. Your tenant's safety and your property's protection are our priorities.",PROPERTY MANAGEMENT SERVICES
Can you manage multiple properties for one owner?,"Absolutely! Many of our clients own several properties, and we provide streamlined management across their entire portfolio. This includes consolidated reporting, coordinated maintenance schedules, and volume discounts from contractors. How many properties are you considering for your investment portfolio?",PROPERTY MANAGEMENT SERVICES
How do you handle difficult tenants or late rent?,"We address tenant issues promptly and professionally, following Thai rental law procedures. Late rent triggers immediate contact and formal notice processes. If necessary, we handle eviction procedures while protecting your interests. Our experience helps prevent problems before they become serious.",PROPERTY MANAGEMENT SERVICES
What happens if a tenant damages my property?,"Tenant damage is documented with photos and repair estimates. We use security deposits first, then pursue additional compensation through proper legal channels if needed. Our detailed move-in and move-out inspections protect you from unfair damage claims.",PROPERTY MANAGEMENT SERVICES
How often will I receive financial reports on my property?,"Monthly reports include rental income, all expenses, maintenance activities, and net profit calculations. Annual reports provide comprehensive summaries perfect for tax purposes. We also send immediate notifications for any urgent matters requiring your attention.",PROPERTY MANAGEMENT SERVICES
How do you handle tax obligations for rental properties?,"We coordinate with qualified tax professionals to ensure all withholding taxes, property taxes, and reporting requirements are met properly. We maintain detailed records of all income and deductible expenses to support your tax filings. May I connect you with our preferred tax advisors?",PROPERTY MANAGEMENT SERVICES
Do you provide assistance with insurance claims?,"Yes, we help document and file insurance claims for property damage, coordinate repairs with approved contractors, and ensure claims are processed efficiently. We work closely with insurance companies to protect your investment and minimize any disruptions.",PROPERTY MANAGEMENT SERVICES
How do you optimize rental income for my property?,"We conduct regular market analysis to ensure competitive rental rates, suggest property improvements that increase rental value, and maintain high occupancy through quality tenant screening and retention programs. Our goal is maximizing your return on investment.",PROPERTY MANAGEMENT SERVICES
Can you help me refinance or leverage my property?,"While we don't provide lending services directly, we work with reputable banks and financial institutions that offer property financing to foreigners. We can help prepare documentation and property valuations needed for refinancing applications.",PROPERTY MANAGEMENT SERVICES
How do I access information about my property remotely?,"We provide online portal access where you can view financial reports, maintenance requests, tenant communications, and property photos anytime. You'll also receive regular email updates and can contact us through Line, WhatsApp, or phone whenever needed.",PROPERTY MANAGEMENT SERVICES
Do you provide property marketing services?,"Yes, we market vacant properties through multiple channels including our website, social media, local real estate networks, and partnerships with corporate relocation services. Professional photography and compelling descriptions help attract quality tenants quickly.",PROPERTY MANAGEMENT SERVICES
How do you handle communication with Thai-speaking tenants?,"Our bilingual team communicates fluently in both Thai and English, ensuring clear understanding with all tenants. All important communications are documented in both languages, and we provide translation services for any complex discussions.",PROPERTY MANAGEMENT SERVICES
What technology do you use for property management?,"We use modern property management software for rent collection, maintenance tracking, financial reporting, and tenant communications. Online payment systems make rent collection convenient for tenants and provide automated reporting for owners.",PROPERTY MANAGEMENT SERVICES
How quickly do you respond to owner inquiries?,"We respond to non-urgent inquiries within 24 hours on weekdays. Emergency situations receive immediate attention any time of day. We pride ourselves on clear, prompt communication because your peace of mind is most important to us.",PROPERTY MANAGEMENT SERVICES
What legal services does IRES provide for property transactions?,"Our legal team handles all aspects of property transactions including purchase agreements, title deed verification, due diligence investigations, ownership transfers at the Land Office, and ensuring all documentation meets legal requirements. Your transaction security is our priority.",LEGAL SERVICES
How do you verify property titles and ownership?,"We conduct comprehensive title searches, verify Chanote deeds are authentic and unencumbered, check for any liens or legal issues, confirm proper approvals and permits, and ensure sellers have clear legal authority to transfer ownership. Every detail is carefully reviewed.",LEGAL SERVICES
Do you help with lease agreements and renewals?,"Yes, we prepare legally compliant lease agreements protecting both landlord and tenant rights, handle lease renewals and modifications, ensure proper registration with authorities when required, and provide legal advice on rental law compliance. Clear agreements prevent future problems.",LEGAL SERVICES
What is included in your due diligence process?,"Our due diligence includes title verification, ownership history review, outstanding debt checks, building permit verification, Environmental Impact Assessment review, road access confirmation, and foreign ownership quota verification. We leave nothing to chance.",LEGAL SERVICES
How do you handle property transfer procedures?,"We coordinate all Land Office procedures, prepare required documentation, calculate and arrange tax payments, facilitate funds transfer verification, and ensure proper foreign ownership compliance. The process becomes smooth and stress-free.",LEGAL SERVICES
Can you help establish a Thai company for property ownership?,"Yes, we guide clients through Thai Limited Company formation including shareholder structure planning, memorandum and articles preparation, and registration with the Ministry of Commerce. However, we always explain direct condo ownership might be simpler.",LEGAL SERVICES
What are the requirements for a Thai company to own land?,"Thai companies must have at least 51% Thai shareholder ownership, minimum 1 million baht registered capital for land ownership, three shareholders minimum, proper business objectives in company documents, and ongoing compliance with all regulations. The legal requirements are quite specific.",LEGAL SERVICES
How do you ensure company compliance with Thai law?,"We provide annual compliance services including shareholder meeting documentation, financial statement preparation, tax return filing, work permit applications if needed, and monitoring regulatory changes. Proper compliance protects your investment and legal status.",LEGAL SERVICES
What are the risks of using a company structure for property?,"Company ownership requires ongoing maintenance costs, annual compliance obligations, potential scrutiny of nominee arrangements, and more complex tax implications. We always explain all options clearly so you can make the best decision for your situation.",LEGAL SERVICES
Can foreign companies invest in Thai real estate?,Foreign companies can invest in condominiums under the foreign ownership quota and certain types of land under BOI promotion or special economic zones. Industrial land ownership has different rules. Each situation requires careful legal analysis.,LEGAL SERVICES
What legal consultation services do you provide?,"We offer advice on property law, business regulations, visa requirements, tax implications, inheritance planning, contract negotiations, dispute resolution, and regulatory compliance. Our experienced team helps navigate Thailand's legal landscape confidently.",LEGAL SERVICES
How do you handle legal disputes or problems?,"We work to resolve disputes through negotiation first, provide mediation services when appropriate, coordinate with specialized litigation lawyers if court action becomes necessary, and always protect our clients' interests throughout any legal process.",LEGAL SERVICES
Do you provide advice on inheritance and estate planning?,"Yes, we help structure property ownership for inheritance purposes, prepare Thai wills for property assets, advise on succession planning for companies, and coordinate with international estate planning. We ensure your property can be transferred according to your wishes.",LEGAL SERVICES
What about visa implications of property ownership?,"We explain how property ownership relates to various visa options including Investment Visas, Thai Elite programs, and long-term resident visas. While property alone doesn't guarantee visa approval, it can support certain applications when structured properly.",LEGAL SERVICES
How do you stay current with changing Thai laws?,"Our legal team maintains active membership in professional associations, regularly attends legal seminars and updates, monitors regulatory announcements, and coordinates with specialized law firms for complex matters. We ensure our advice reflects current law.",LEGAL SERVICES
Do you prepare rental and lease contracts?,"We prepare comprehensive rental agreements protecting landlord rights, tenant obligations, proper termination procedures, maintenance responsibilities, and compliance with Thai rental laws. Both Thai and English versions are provided for clarity.",LEGAL SERVICES
What about construction and renovation contracts?,"We review construction contracts, ensure proper licensing and insurance requirements, establish payment schedules tied to completion milestones, and include penalty clauses for delays. Proper contracts prevent expensive problems.",LEGAL SERVICES
Can you help with business partnership agreements?,"Yes, we draft partnership agreements, joint venture structures, management agreements, and shareholder arrangements. Clear documentation of business relationships prevents future disputes and protects everyone's interests.",LEGAL SERVICES
How do you handle contract disputes?,"We review contract terms, assess legal positions, attempt negotiated resolutions, provide mediation services, and coordinate with litigation specialists if court action becomes necessary. Most disputes can be resolved without lengthy legal proceedings.",LEGAL SERVICES
What language are legal documents prepared in?,"All official documents must be in Thai for legal validity, but we provide certified English translations for your understanding. Important agreements are prepared bilingually to ensure complete clarity for all parties involved.",LEGAL SERVICES
What licenses does my rental property need?,"Most residential rentals don't require special licenses, but short-term rentals might need hotel licenses depending on duration and services offered. Commercial properties have different requirements. We help ensure full compliance with applicable regulations.",LEGAL SERVICES
How do you handle Building and Construction permits?,"We verify all building permits are proper and current, coordinate with architects and engineers for renovations requiring permits, ensure compliance with building codes and zoning requirements, and handle permit applications when needed.",LEGAL SERVICES
What about Environmental Impact Assessments?,"For larger developments, we review EIA compliance, ensure proper environmental approvals are in place, verify compliance with environmental regulations, and coordinate with environmental consultants when needed for due diligence.",LEGAL SERVICES
Do you help with foreign business licensing?,"Yes, we assist with Foreign Business License applications when required, BOI promotion applications, work permit applications, and other regulatory approvals needed for foreign business operations in Thailand.",LEGAL SERVICES
How do you ensure ongoing legal compliance?,"We provide annual compliance reviews, monitor regulatory changes affecting your investments, send renewal reminders for permits and licenses, coordinate required filings and reports, and ensure you remain in good standing with all applicable authorities.",LEGAL SERVICES
What visa services does IRES provide?,"We provide complete visa assistance including Retirement Visas for those 50+, Investment Visas, Business Visas, Digital Nomad Visas, Thai Elite programs, visa extensions and renewals, and ongoing compliance support. We handle the paperwork so you can focus on enjoying Thailand.",VISA SERVICES
How do you help with Retirement Visa applications?,"We guide you through income requirements, assist with bank account setup for the 800,000 baht deposit, prepare all required documentation, coordinate with immigration offices, handle annual extensions, and ensure you meet all ongoing requirements. The process becomes much simpler with our help.",VISA SERVICES
What are the current requirements for a Retirement Visa?,"You must be 50 or older, show monthly income of 65,000 baht or 800,000 baht bank deposit, have health insurance coverage, pass criminal background checks, and provide required documentation. We help you understand and meet each requirement step by step.",VISA SERVICES
Can you help with the new LTR (Long-Term Resident) visa?,"Yes, we assist with LTR applications for wealthy pensioners, wealthy global citizens, work-from-Thailand professionals, and highly skilled professionals. Each category has different requirements, and we help determine which path suits your situation best.",VISA SERVICES
What is the Thailand Investment Visa and how do I qualify?,"The Investment Visa requires minimum 10 million baht investment in Thai real estate, bonds, or deposits. This can include property purchases, and provides multiple-year stay rights. We coordinate the property investment and visa application process together.",VISA SERVICES
How do you assist with Business Visa applications?,"We help establish the required Thai company, prepare business documentation, coordinate with the Ministry of Commerce, handle visa applications at Thai consulates, and ensure all requirements are met for both company formation and visa approval.",VISA SERVICES
What about Work Permit applications?,"Once you have a Business Visa, we assist with Work Permit applications including job description preparation, salary justification, Thai employee ratio compliance, and coordination with the Department of Employment. Work Permits require ongoing compliance monitoring.",VISA SERVICES
Can you help with BOI (Board of Investment) visas?,"Yes, for qualifying investment projects, BOI visas offer significant advantages including multi-year validity, work permit eligibility, and reduced tax obligations. We coordinate with BOI specialists to evaluate project eligibility and handle applications.",VISA SERVICES
What is the Digital Nomad Visa (DTV) and who qualifies?,"The DTV allows remote workers and freelancers to stay in Thailand for up to 5 years. Applicants need proof of remote employment or freelance income of at least $40,000 annually. This visa is perfect for location-independent professionals.",VISA SERVICES
How do you handle visa renewals and extensions?,"We track renewal dates, prepare required documentation, schedule appointments with immigration offices, handle paperwork submission, and coordinate any additional requirements. You never need to worry about missing important deadlines.",VISA SERVICES
Can my family members also get visas through my application?,"Yes, spouses and unmarried children under 20 can typically obtain dependent visas based on your primary visa. Investment Visa and LTR visa holders can bring their families, and we coordinate all family member applications together.",VISA SERVICES
What about Marriage Visas for foreign spouses?,"We assist with Marriage Visa applications including marriage certificate preparation and registration, income requirement documentation, and ongoing compliance. Marriage Visas can provide a pathway to permanent residency over time.",VISA SERVICES
How do you help with Student Visa applications?,"For those interested in learning Thai language or culture, we coordinate with approved educational institutions, handle student visa applications, and ensure compliance with study requirements and immigration check-ins.",VISA SERVICES
What is Thailand Elite and how does it work?,"Thailand Elite offers long-term visas (5-20 years) through membership fees ranging from 600,000 to 2 million baht. Benefits include multiple entry/exit, fast-track immigration, golf privileges, and concierge services. We help evaluate if Elite membership suits your lifestyle.",VISA SERVICES
Can property investment help with Elite Visa applications?,"While property ownership doesn't directly qualify you for Elite membership, it demonstrates financial stability and commitment to Thailand that supports your application. We can coordinate both property investment and Elite applications together.",VISA SERVICES
What special visa options exist for investors?,"Beyond Investment Visas, there are Smart Visas for targeted industries, BOI visas for promoted investments, and various business visa categories. We evaluate your investment plans and recommend the most suitable visa pathway.",VISA SERVICES
What ongoing visa compliance support do you provide?,"We track 90-day reporting requirements, coordinate address registration (TM30), monitor visa conditions and restrictions, handle extension applications, and provide updates on regulation changes. Compliance becomes effortless with our support.",VISA SERVICES
How do you handle TM30 address reporting requirements?,"We coordinate with property owners or managers to ensure proper TM30 filing when you change addresses, provide required documentation to immigration, and maintain proper records. This mandatory requirement is handled seamlessly.",VISA SERVICES
What if visa laws change while I'm living in Thailand?,"We monitor regulatory changes constantly and immediately inform affected clients of any changes. We help adapt to new requirements, apply for visa category changes if beneficial, and ensure you remain in legal compliance always.",VISA SERVICES
Do you provide visa consultation before I move to Thailand?,"Absolutely! We offer comprehensive visa planning consultations to evaluate your situation, recommend optimal visa pathways, coordinate pre-arrival preparations, and create timeline for your move to Thailand. Planning ahead prevents problems later.",VISA SERVICES
How do you coordinate visa services with property purchases?,"We time property investments to support visa applications, coordinate documentation requirements, ensure investment amounts meet visa thresholds, and handle both processes simultaneously for maximum efficiency and compliance.",VISA SERVICES
How do you help with opening Thai bank accounts?,"We guide you through choosing the right bank and account type, assist with documentation preparation, accompany you to bank appointments, help meet bank requirements, and ensure your account setup supports both daily living and property investment needs. What type of banking services do you envision needing?",BANKING AND FINANCIAL SERVICES
What documents are needed for a Thai bank account?,"You'll need your passport, valid visa, proof of address in Thailand (rental agreement or utility bill), and sometimes a letter of recommendation. Some banks require minimum deposit amounts. We ensure you have everything prepared before your bank appointment.",BANKING AND FINANCIAL SERVICES
Which banks do you recommend for foreigners?,"Bangkok Bank, Kasikorn Bank, and Siam Commercial Bank all offer good services for foreigners. Each has different strengths - Bangkok Bank for international transfers, Kasikorn for online banking, SCB for English-language support. We help choose based on your specific needs.",BANKING AND FINANCIAL SERVICES
Can I open a bank account before I move to Thailand?,"Generally, you need to be physically present in Thailand with a valid visa to open most accounts. However, some banks offer preliminary account setup for property buyers. We coordinate the timing with your visa application and property purchase.",BANKING AND FINANCIAL SERVICES
How do you help with online banking and ATM setup?,"We assist with online banking registration, mobile app setup, ATM card activation, and international transfer capabilities. Most banks offer excellent online services, and we ensure you can access your funds conveniently from anywhere.",BANKING AND FINANCIAL SERVICES
How do you facilitate international money transfers for property purchases?,"We work with reputable money transfer services and banks to ensure overseas funds are properly documented for property purchases. The Foreign Exchange Transaction Form (FET) is crucial for condominium ownership, and we ensure all documentation is correct.",BANKING AND FINANCIAL SERVICES
What are the best ways to transfer money to Thailand?,"Options include bank wire transfers, specialized services like Wise or Remitly, and currency exchange companies. Each has different fees and exchange rates. We help evaluate options based on your transfer amounts and timing needs.",BANKING AND FINANCIAL SERVICES
How do you handle currency exchange for large property purchases?,"For significant property investments, we coordinate with currency specialists who can provide better exchange rates than retail banks, offer forward contracts to lock in rates, and ensure proper documentation for property ownership requirements.",BANKING AND FINANCIAL SERVICES
What banking services support rental property income?,"We help set up dedicated rental income accounts, automatic rent collection systems, online banking for easy monitoring, and proper documentation for tax purposes. Separating rental income makes property management much simpler.",BANKING AND FINANCIAL SERVICES
How do you assist with tax-related banking documentation?,"We ensure all banking records support tax filings, coordinate with accountants for proper documentation, maintain records of international transfers, and ensure compliance with both Thai and international tax reporting requirements.",BANKING AND FINANCIAL SERVICES
Do you provide investment advice beyond real estate?,"While we specialize in real estate, we work with qualified financial advisors and investment specialists who understand the Thai market and foreign investor needs. We can connect you with trusted professionals for comprehensive financial planning.",BANKING AND FINANCIAL SERVICES
How do you help structure finances for visa requirements?,"Different visas have specific financial requirements - retirement visas need 800,000 baht deposits, investment visas require 10 million baht investments. We coordinate banking and investment structures to meet these requirements efficiently.",BANKING AND FINANCIAL SERVICES
What about insurance and financial protection services?,"We coordinate with insurance providers for comprehensive coverage including health insurance for visa requirements, property insurance for your investments, and life insurance for estate planning. Proper insurance protects your Thailand lifestyle completely.",BANKING AND FINANCIAL SERVICES
How do you handle estate planning and inheritance issues?,"We work with estate planning specialists to ensure your Thai assets can be transferred according to your wishes, coordinate international estate planning, and ensure proper documentation for inheritance by family members.",BANKING AND FINANCIAL SERVICES
What ongoing financial support do you provide?,"We help monitor account requirements for visa compliance, coordinate annual financial reporting, provide referrals for tax preparation, and ensure your financial structure continues meeting all legal requirements as regulations change.",BANKING AND FINANCIAL SERVICES
What health insurance options do you recommend for foreigners in Thailand?,"We connect you with reputable providers offering comprehensive coverage including AIA, Cigna Thailand, and Pacific Cross. Coverage options range from basic local care to worldwide coverage including emergency evacuation. Your health and peace of mind are most important.",INSURANCE SERVICES
How much should I budget for health insurance in Thailand?,"Quality health insurance typically costs 40,000-150,000 baht annually depending on your age, coverage level, and pre-existing conditions. This investment provides access to excellent private healthcare and protects against unexpected medical costs.",INSURANCE SERVICES
What health insurance is required for visa applications?,"Most visa types now require minimum health insurance coverage. Retirement visas need 40,000 baht inpatient and 400,000 baht outpatient coverage. LTR visas require higher minimum coverage amounts. We ensure your insurance meets all visa requirements.",INSURANCE SERVICES
Can I use my existing international health insurance?,"Many international policies work in Thailand, but you need to verify coverage details and ensure they meet Thai visa requirements. We help review existing policies and supplement coverage if needed to meet all requirements.",INSURANCE SERVICES
How do you help with health insurance claims?,"We coordinate with insurance providers and hospitals for claim processing, help with documentation requirements, ensure proper procedures are followed, and advocate for fair claim settlements. Medical emergencies are stressful enough without insurance complications.",INSURANCE SERVICES
What property insurance should I consider for my Thai real estate?,"Property insurance covering fire, flood, earthquake, and theft is essential. Comprehensive coverage typically costs 0.1-0.2% of property value annually. We help evaluate coverage needs and connect you with reputable insurers familiar with foreign ownership.",INSURANCE SERVICES
How does property insurance work for rental properties?,"Landlord insurance covers property damage and loss of rental income, while tenant insurance covers their personal belongings. We ensure proper coverage coordination and help include appropriate insurance requirements in rental agreements.",INSURANCE SERVICES
What about liability insurance for property owners?,Liability coverage protects against injuries on your property or damage to neighboring properties. This is especially important for rental properties where tenant or visitor injuries could result in significant financial exposure.,INSURANCE SERVICES
Do I need special insurance for luxury or high-value properties?,"High-value properties may require specialized coverage for artwork, jewelry, electronics, or unique architectural features. We work with insurers experienced in luxury property coverage to ensure adequate protection for your valuable assets.",INSURANCE SERVICES
How do you handle insurance claims for property damage?,"We coordinate with insurance adjusters, document damage thoroughly with photos and reports, coordinate with approved contractors for repairs, and ensure fair settlement of claims. Our goal is restoring your property quickly and properly.",INSURANCE SERVICES
What business insurance should I consider if I establish a Thai company?,"Business insurance should include general liability, professional indemnity, property coverage for business assets, and key person insurance. We connect you with commercial insurance specialists who understand Thai business regulations and foreign ownership structures.",INSURANCE SERVICES
How do you help with automotive insurance?,"We coordinate comprehensive car insurance including collision, theft, and liability coverage. Thailand requires minimum third-party liability insurance, but comprehensive coverage provides much better protection. We help choose appropriate coverage levels for your needs.",INSURANCE SERVICES
What about motorcycle insurance for daily transportation?,"Motorcycle insurance is essential but often overlooked. We help arrange coverage for personal injury, vehicle damage, and third-party liability. Given Pattaya's traffic conditions, proper motorcycle insurance provides important financial protection.",INSURANCE SERVICES
Do you provide insurance advice for business visa holders?,"Yes, work permit holders need appropriate coverage for workplace injuries, professional liability, and compliance with Thai labor law requirements. We ensure your insurance meets all legal obligations for foreign workers in Thailand.",INSURANCE SERVICES
What insurance considerations apply to Thai Elite visa holders?,"Elite members have access to special insurance programs and concierge services. We help coordinate between Elite benefits and additional coverage needs, ensuring comprehensive protection without unnecessary duplication of benefits.",INSURANCE SERVICES
What lifestyle services does IRES provide beyond real estate?,"As your complete lifestyle broker, we provide home setup services, utility connections, furniture selection, domestic staff recommendations, transportation arrangements, and ongoing concierge support. We help create your perfect Thailand lifestyle, not just find property.",LIFESTYLE AND CONCIERGE SERVICES
How do you help new residents settle into life in Pattaya?,"We provide comprehensive settling-in services including area orientation tours, introduction to essential services, local community connections, cultural adjustment guidance, and ongoing support during your transition. Moving to a new country should be exciting, not overwhelming.",LIFESTYLE AND CONCIERGE SERVICES
Can you help find reliable domestic staff and services?,"Yes, we connect you with trustworthy cleaning services, gardeners, pool maintenance, security services, and personal assistants. All service providers are carefully vetted for reliability, honesty, and quality of work. Your comfort and security are our priorities.",LIFESTYLE AND CONCIERGE SERVICES
What about transportation and vehicle services?,"We assist with car purchases or leases, motorcycle rentals, driver services, and public transportation guidance. Whether you prefer private vehicles or want to experience local transport, we ensure safe and convenient mobility options.",LIFESTYLE AND CONCIERGE SERVICES
How do you help with healthcare and wellness connections?,"We provide referrals to excellent doctors, dentists, specialists, fitness centers, spas, and wellness practitioners. Many of our network providers offer services in English and understand foreign resident needs. Your health and wellbeing matter most.",LIFESTYLE AND CONCIERGE SERVICES
How do you help integrate into the local expat community?,"We introduce you to relevant social clubs, volunteer organizations, hobby groups, and business networks. Pattaya has a vibrant international community, and we help you find your place within it based on your interests and background.",LIFESTYLE AND CONCIERGE SERVICES
What cultural orientation services do you provide?,"We offer guidance on Thai customs and etiquette, language learning resources, cultural event participation, temple visits, and local festival experiences. Understanding and respecting Thai culture enhances your living experience tremendously.",LIFESTYLE AND CONCIERGE SERVICES
Can you help with children's education and family services?,"For families, we provide information about international schools, tutoring services, children's activities, family-friendly communities, and pediatric healthcare. Raising children in Thailand can be wonderful with proper support and guidance.",LIFESTYLE AND CONCIERGE SERVICES
How do you assist with business networking and professional connections?,"We connect you with relevant business associations, professional networks, potential partners, and service providers. Whether you're retiring or planning business activities, strong professional relationships enhance your Thailand experience.",LIFESTYLE AND CONCIERGE SERVICES
What ongoing lifestyle support do you provide?,"Our relationship continues long after your property purchase. We provide ongoing concierge services, emergency assistance, service provider referrals, and lifestyle consultation. Think of us as your trusted friend and advisor in Thailand.",LIFESTYLE AND CONCIERGE SERVICES
What are the current trends in Pattaya's real estate market for 2025?,"Pattaya's market shows growing opportunities with property management demand increasing at 3.1% annually. We see strong demand for quality condominiums, especially those near healthcare facilities and with good rental potential. Central locations remain most desirable for both living and investment.",INVESTMENT AND MARKET INSIGHTS
Which areas of Pattaya offer the best investment potential?,"Jomtien beachfront properties maintain strong values, Central Pattaya offers high rental demand, and emerging areas like Bang Saray show growth potential. We analyze each location's infrastructure development, rental yields, and long-term appreciation prospects for informed investment decisions.",INVESTMENT AND MARKET INSIGHTS
What investment returns can I realistically expect from Pattaya real estate?,"Well-located, well-managed properties typically yield 6-8% annually through rental income. Capital appreciation varies by location and property type, but quality properties in prime locations have shown steady value growth over time. Market conditions and proper management significantly impact returns.",INVESTMENT AND MARKET INSIGHTS
How do you help evaluate investment properties?,"We provide comprehensive analysis including rental yield calculations, comparable sales data, market trend analysis, tenant demand assessment, and long-term growth projections. Our goal is ensuring you make informed investment decisions aligned with your financial objectives.",INVESTMENT AND MARKET INSIGHTS
What are the risks I should consider when investing in Pattaya real estate?,"Risks include market fluctuations, currency exchange impacts, rental vacancy periods, maintenance costs, and regulatory changes. We help you understand and mitigate these risks through proper property selection, professional management, and diversified investment strategies.",INVESTMENT AND MARKET INSIGHTS
How do you help build a real estate investment portfolio?,"We start by understanding your investment goals, risk tolerance, and timeline. Then we recommend properties that complement each other geographically and by property type, coordinate financing if needed, and provide ongoing portfolio management services.",INVESTMENT AND MARKET INSIGHTS
Should I focus on condominiums or try to invest in houses through company ownership?,"Each approach has advantages. Condominiums offer simpler ownership and management, while houses may provide higher rental yields but require company structures and more complex management. We analyze your specific situation to recommend the optimal approach.",INVESTMENT AND MARKET INSIGHTS
What about investing in off-plan or under-construction properties?,"Off-plan properties can offer better pricing and payment flexibility, but carry completion and developer risks. We carefully vet developers, review completion guarantees, and ensure proper legal protection before recommending any off-plan investments.",INVESTMENT AND MARKET INSIGHTS
How do you help with property development opportunities?,"For larger investors interested in development, we coordinate with experienced local developers, help evaluate land opportunities, provide market feasibility analysis, ensure all regulatory approvals, and coordinate legal and financial structuring for complex projects.",INVESTMENT AND MARKET INSIGHTS
What ongoing support do you provide for investment property owners?,"We provide continuous market updates, portfolio performance analysis, refinancing opportunities assessment, expansion planning, and strategic advice for optimizing your investment returns. Your investment success is our long-term commitment.",INVESTMENT AND MARKET INSIGHTS
What about corporate and business support services?,"Yes, we coordinate comprehensive business setup including company registration, work permit applications, office space location, accounting service connections, and ongoing regulatory compliance. Whether you're starting a consulting firm or restaurant, we provide complete support.",ADDITIONAL SPECIALIZED SERVICES
How do you help with corporate real estate needs?,"We assist with office leasing, retail space location, warehouse facilities, and investment properties for business use. Our corporate services include lease negotiation, space planning consultation, and ongoing property management for business clients.",ADDITIONAL SPECIALIZED SERVICES
What support do you provide for investors considering larger development projects?,"For substantial development investments, we coordinate with experienced local developers, help evaluate land opportunities, provide market feasibility analysis, ensure all regulatory approvals, and coordinate legal and financial structuring for complex projects.",ADDITIONAL SPECIALIZED SERVICES
How do you help with international relocation to Thailand?,"Our relocation services include pre-arrival planning, temporary accommodation arrangements, permanent housing selection, school enrollment for families, utility setup, transportation arrangements, and cultural orientation. Moving internationally becomes manageable with proper support.",ADDITIONAL SPECIALIZED SERVICES
What assistance do you provide for seniors relocating to Thailand?,"We provide specialized services for senior relocations including healthcare facility tours, accessible housing options, elder care service connections, medication management assistance, and family communication support for those concerned about aging parents abroad.",ADDITIONAL SPECIALIZED SERVICES
Do you offer services for corporate relocations and executive transfers?,"Yes, we provide comprehensive corporate relocation packages including housing allowance management, school search assistance for executive families, spouse employment support, cultural training, and ongoing support throughout the assignment period.",ADDITIONAL SPECIALIZED SERVICES
How do you help with technology setup and digital connectivity?,"We coordinate internet installation, smart home setup, security system installation, and digital entertainment services. Many properties now feature integrated technology, and we ensure everything works properly for your digital lifestyle needs.",ADDITIONAL SPECIALIZED SERVICES
What support do you provide for remote workers and digital nomads?,"We help find properties with excellent internet connectivity, coordinate coworking space memberships, ensure proper visa compliance for remote work, and connect you with other digital professionals in the area.",ADDITIONAL SPECIALIZED SERVICES
What premium services do you offer for luxury property clients?,"Luxury clients receive white-glove service including private property viewings, exclusive property access, luxury furnishing consultation, premium service provider networks, 24/7 concierge support, and ongoing lifestyle management services.",ADDITIONAL SPECIALIZED SERVICES
Do you provide yacht and luxury transportation services?,"While we don't directly provide these services, we coordinate with reputable luxury service providers for yacht charters, luxury car rentals, private drivers, and exclusive experience planning. Your comfort and enjoyment are our priorities.",ADDITIONAL SPECIALIZED SERVICES
How do you handle emergency situations and urgent needs?,"We provide 24/7 emergency contact services for urgent property issues, medical emergencies coordination, legal problem assistance, and other critical situations. Having reliable local support provides invaluable peace of mind.",ADDITIONAL SPECIALIZED SERVICES
What assistance do you provide if I decide to sell my property later?,"We provide comprehensive sales services including market analysis, property preparation, marketing strategy, buyer qualification, negotiation support, and transaction coordination. Our ongoing relationship means we understand your property's value and history completely.",ADDITIONAL SPECIALIZED SERVICES
How do you help with estate planning and inheritance issues?,"We coordinate with estate planning specialists to ensure your Thai property assets can be transferred according to your wishes, help structure ownership for inheritance purposes, and provide guidance on Thai inheritance law implications for foreign property owners.",ADDITIONAL SPECIALIZED SERVICES
What if my circumstances change and I need to leave Thailand?,"Life changes happen, and we provide flexible solutions including property management during absence, sale coordination if needed, rental management for income generation, and maintaining your Thai connections should you wish to return later.",ADDITIONAL SPECIALIZED SERVICES